strategy,Mixed
sampleProd,Secondary
timeAnalysis,Ιστορική
spaceAnalysis,Μη Ιστορική
abstract,"Η παρούσα εργασία πραγματεύεται την ασκούμενη περιφερειακή πολιτική στις νησιωτικές περιφέρειες και δίνει έμφαση στον παράγοντα της νησιωτικότητας και στον βαθμό που αυτός μπορεί να επηρεάσει τη χάραξη της πολιτικής περιφερειακής ανάπτυξης, δηλαδή την οικονομική ανάπτυξη και την αύξηση του βιοτικού επιπέδου της ζωής των ανθρώπων που ζουν σε νησιώτικες περιφέρειες. Ως μελέτη περίπτωσης επιλέγεται η περιφέρεια Βορείου Αιγαίου."
studyQuestions,N/A
workAssumptions,"οι νησιωτικές περιφέρειες έχουν δομικά μειονεκτήματα εξαιτίας των φυσικών χαρακτηριστικών τους, που δυσκολεύουν τους τομείς της οικονομίας και της ανάπτυξής τους"
studyAssumptions,N/A
sampleTimeReference,2000-2020
sampleCollectionReference,N/A
statesOfReference,Ελλάδα
spatialCoverage,Περιφέρεια Βορείου Αιγαίου
geographicalUnit,"Νησιά, Περιφερειακές ενότητες"
population,Πληθυσμός των νησιωτικών περιφερειών της Ελλάδας
basicUnit,"Περιφέρειες, Νομοί"
sampleSize,N/A
collectionMethod,N/A
methodOfRecording,Επεξεργασία στατιστικών στοιχείων
methodOfAnalysis,"Ποσοτική ανάλυση, συγκριτική ανάλυση"
recordingTools,N/A
analysisTools,N/A
firstName,Γεώργιος
surName,Στείρος
gender,Άνδρας
fathersName,N/A
title,«Ο παράγοντας νησιωτικότητα ως ιδιαιτερότητα και ως πρόκληση στη χάραξη περιφερειακής πολιτικής: Μελέτη περίπτωσης της Περιφέρειας Βορείου Αιγαίου»
nameOfSupervisor,ΧΡΙΣΤΟΦΑΚΗΣ ΕΜΜΑΝΟΥΗΛ
dateOfSupport,2020-01-01
numberOfPages,65
language,Ελληνική
typeOfDissertation,BachelorsThesis
keyWords,"νησιωτικότητα, περιφερειακή πολιτική, Περιφέρεια Βορείου Αιγαίου, οικονομική ανάπτυξη"
altTitle,BachelorsThesis_Steiros
nameOfCom1,N/A
nameOfCom2,N/A
otherNotes,N/A
institution,Πανεπιστήμιο Αιγαίου
department,Τμήμα Διοίκησης Επιχειρήσεων
program,ΠΡΟΓΡΑΜΜΑ ΜΕΤΑΠΤΥΧΙΑΚΩΝ ΣΠΟΥΔΩΝ ΣΤΗ ΔΙΟΙΚΗΣΗ ΕΠΙΧΕΙΡΗΣΕΩΝ - MBA
libraryLink,http://hdl.handle.net/11610/22116
target,να αναλυθεί ο ρόλος της νησιωτικότητας στη χάραξη της περιφερειακής πολιτικής και να παρουσιαστεί το χρηματοδοτικό πλαίσιο που υλοποιείται στην περιφέρεια Βορείου Αιγαίου
sampleDescription,Περιφέρεια Βορείου Αιγαίου
